id,value
root,
root.Guy Binyamin,
root.Guy Binyamin.Rick n Mortey,
root.Guy Binyamin.Rick n Mortey.Another test2,
root.Guy Binyamin.Rick n Mortey.This is the best show ever,
root.Guy Binyamin.Game of Thrones (Season 7),
root.Guy Binyamin.Game of Thrones (Season 7).The best show ever,
root.Guy Binyamin.Game of Thrones (Season 7).We have to go,
root.Guy Binyamin.Game of Thrones (Season 7).Game of Thrones,
root.Guy Binyamin.Game of Thrones (Season 7).This is the best show ever,
root.Valeron,
root.Valeron.Another test,
root.Valeron.Another test.Guy Comment,
root.Valeron.Another test.Another test4,
root.Valeron.Another test.Another test2,
root.Valeron.Another test.Another test2,
root.Valeron.Another test.Another test2,
root.Valeron.Another test.Another test2,
root.Valeron.Another test.Another test2,
root.Valeron.Another test.Another test2,
root.Valeron.Another test.First Comment,
root.Yarden,
root.Yarden.First Post,
root.Yarden.First Post.First Comment,
root.Yarden.First Post.2thComment,
root.Yarden.First Post.Another test3,
root.Yarden.First Post.Another test23,
root.Yarden.First Post.Another test2,
root.Yarden.First Post.NIce,
root.Yarden.First Post.First Comment,
root.Yarden Yerushalmi,
root.Yarden Yerushalmi.Flute,
root.Yarden Yerushalmi.Flute.Another test2,
root.Yarden Yerushalmi.Flute.Another test2,
root.Yarden Yerushalmi.Flute.This is the best show ever,
root.Yarden Yerushalmi.It (Movie),
root.Yarden Yerushalmi.It (Movie).Its a great movie,
root.Yarden Yerushalmi.It (Movie).Lets do this,
root.Yarden Yerushalmi.It (Movie).ITs going to be awsome,
root.Yarden Yerushalmi.It (Movie).We have to go,
root.Yarden Yerushalmi.It (Movie).Scary,
root.Yarden Yerushalmi.Kingsman: The Golden Circle,
root.Yarden Yerushalmi.Kingsman: The Golden Circle.Like the one before,
root.Yarden Yerushalmi.Kingsman: The Golden Circle.Another test2,
root.Yarden Yerushalmi.Kingsman: The Golden Circle.We have to go,
